<?xml version="1.1" encoding="utf-8"?>
<extension type="plugin" group="content">
	<name>PLG_CONTENT_JBSACCORDION</name>
	<version>1.1.1</version>
	<author>Achim Raphael</author>
	<creationDate>Dec. 2021</creationDate>
	<copyright>Copyright (c) 2021 - Achim Raphael. All rights reserved.</copyright>
	<license>GNU General Public License version 3 or later - http://www.gnu.org/licenses/licenses.en.html#GPL</license>
	<description>PLG_CONTENT_JBSACCORDION_DESCRIPTION</description>
	<files>
		<filename plugin="jbsaccordion">jbsaccordion.php</filename>
	</files>
	<languages folder="language">
		<language tag="en-GB">en-GB/en-GB.plg_content_jbsaccordion.sys.ini</language>
	</languages>
	<config>
	<fields name="params">
		<fieldset name="basic">
			<field name="load_bootstrap" type="radio" class="btn-group" default="1"
				   label="JBSA_LOAD_BOOTSTRAP"
				   description="JBSA_LOAD_BOOTSTRAP_DESC">
				<option value="0">JNO</option>
				<option value="1">JYES</option>
			</field>

		</fieldset>
	</fields>	
	</config>
</extension>